Model,Hal. Vol.,Hal. Effort,Hal. Dif.
DEFT,15.509775004326936,15.509775004326936,0.875
DEFT_perf,19.75488750216347,17.264662506490406,1.0
